{
    "name": "lvgl", 
    "repository": {
        "url": "https://github.com/littlevgl/lvgl.git", 
        "type": "git"
    }, 
    "platforms": [], 
    "frameworks": [], 
    "version": "6.1.1", 
    "build": {
        "includeDir": "."
    }, 
    "authors": [
        {
            "maintainer": false, 
            "name": "LittlevGL", 
            "url": "https://github.com/littlevgl", 
            "email": "kisvegabor@gmail.com"
        }
    ], 
    "keywords": [
        "gui", 
        "littlevgl", 
        "embedded", 
        "graphics"
    ], 
    "id": 6598, 
    "description": "Graphics library to create embedded GUI with easy-to-use graphical elements, beautiful visual effects and low memory footprint. It offers anti-aliasing, opacity, and animations using only one frame buffer."
}